{"ProjectBreakpoints":"{\"Value\":{\"Transfer BS & MR to Ms Access Folder.xaml\":[{\"ConditionalExpression\":null,\"ActionExpression\":null,\"ExpectedHitCounter\":null,\"ShouldContinueAfterAction\":false,\"IsEnabled\":true,\"ActivityIdRef\":\"Sequence_339\",\"ActivityId\":\"1.2069\",\"ActivityName\":\"Credit/eCommerce/Alipay/QRPAYcrdr\"},{\"ConditionalExpression\":null,\"ActionExpression\":null,\"ExpectedHitCounter\":null,\"ShouldContinueAfterAction\":false,\"IsEnabled\":true,\"ActivityIdRef\":\"Sequence_1590\",\"ActivityId\":\"1.2997\",\"ActivityName\":\"iPay 88 CNY - Applicable only to GHR\"},{\"ConditionalExpression\":null,\"ActionExpression\":null,\"ExpectedHitCounter\":null,\"ShouldContinueAfterAction\":false,\"IsEnabled\":true,\"ActivityIdRef\":\"Sequence_394\",\"ActivityId\":\"1.1141\",\"ActivityName\":\"Debit\"}]}}","OpenedDocuments":"[\"Main.xaml\",\"Process.xaml\"]","ProjectWatches":"{\"Value\":[]}","LibraryProjectSettings":"{\"IncludeSourcesByDefault\":true,\"UseCSharpCompiler\":false,\"DefaultActivitiesRootCategories\":[null]}"}